# of adoptable pets,age
1,Young
2,Adult
1,Adult
4,Young
1,Adult
6,Adult
6,Adult
3,Young
2,Adult
1,Adult
17,Baby
13,Adult
2,Senior
5,Baby
4,Baby
1,Adult
3,Baby
1,Young
1,Adult
1,Adult
2,Baby
7,Adult
1,Adult
3,Adult
1,Young
2,Baby
2,Adult
7,Baby
6,Young
2,Adult
1,Baby
1,Adult
24,Adult
2,Adult
2,Adult
3,Adult
2,Young
1,Young
3,Adult
1,Young
2,Young
3,Adult
2,Adult
2,Adult
3,Baby
1,Adult
2,Adult
1,Young
2,Young
1,Young
1,Adult
1,Adult
2,Adult
4,Baby
1,Adult
12,Baby
13,Adult
1,Adult
9,Young
1,Young
10,Adult
1,Young
1,Adult
5,Adult
4,Adult
41,Young
6,Baby
1,Adult
8,Adult
23,Adult
1,Senior
5,Young
2,Young
1,Young
12,Adult
2,Adult
1,Young
4,Adult
3,Adult
2,Baby
2,Adult
7,Young
1,Adult
9,Adult
4,Adult
11,Young
1,Senior
3,Young
1,Adult
5,Young
27,Baby
3,Adult
3,Young
3,Adult
2,Adult
7,Baby
2,Baby
1,Senior
8,Young
1,Baby
1,Baby
2,Baby
16,Baby
1,Adult
1,Baby
1,Adult
1,Young
5,Baby
1,Young
23,Young
8,Young
5,Adult
2,Baby
1,Adult
16,Young
1,Young
1,Senior
1,Young
1,Young
4,Adult
1,Young
1,Baby
1,Young
2,Adult
1,Adult
15,Baby
1,Young
6,Young
2,Adult
2,Adult
1,Adult
1,Senior
3,Baby
1,Baby
1,Young
3,Senior
2,Adult
1,Adult
1,Young
2,Adult
3,Baby
1,Young
1,Baby
1,Adult
3,Adult
2,Adult
1,Adult
10,Adult
2,Adult
21,Adult
2,Adult
1,Young
1,Adult
1,Adult
1,Baby
1,Young
5,Baby
1,Senior
9,Adult
2,Senior
1,Young
1,Young
2,Adult
3,Young
2,Young
1,Baby
10,Young
1,Young
2,Young
5,Adult
4,Young
3,Senior
1,Adult
1,Baby
6,Baby
22,Adult
1,Adult
3,Adult
7,Young
2,Adult
3,Young
4,Adult
5,Senior
1,Young
2,Adult
2,Adult
2,Adult
7,Baby
1,Baby
1,Adult
3,Baby
1,Young
2,Baby
2,Adult
2,Adult
1,Adult
3,Adult
2,Baby
1,Adult
1,Adult
3,Adult
1,Young
1,Young
1,Young
3,Young
4,Young
2,Baby
10,Young
3,Adult
1,Adult
1,Young
2,Adult
2,Baby
4,Adult
1,Senior
8,Senior
1,Senior
5,Adult
8,Baby
1,Baby
3,Baby
2,Adult
1,Adult
2,Young
3,Adult
1,Adult
1,Adult
1,Young
2,Baby
9,Baby
1,Adult
1,Adult
6,Baby
2,Young
1,Young
1,Baby
2,Young
1,Adult
6,Baby
1,Adult
1,Adult
2,Young
5,Young
1,Senior
7,Young
1,Baby
1,Young
5,Adult
3,Baby
3,Adult
1,Adult
1,Baby
1,Adult
3,Young
8,Young
3,Adult
1,Adult
1,Adult
1,Young
5,Baby
1,Adult
5,Adult
2,Baby
1,Adult
2,Young
2,Adult
2,Adult
5,Young
1,Young
1,Adult
2,Baby
1,Young
3,Adult
1,Adult
1,Baby
1,Adult
1,Young
4,Young
1,Adult
1,Senior
4,Young
4,Baby
8,Baby
1,Young
4,Baby
7,Baby
2,Young
1,Baby
1,Baby
2,Adult
5,Adult
2,Young
3,Young
1,Young
9,Young
1,Senior
8,Young
1,Adult
1,Adult
1,Young
2,Adult
3,Adult
2,Adult
4,Adult
2,Adult
1,Baby
4,Young
1,Young
3,Adult
1,Baby
7,Baby
2,Adult
8,Adult
4,Baby
7,Adult
3,Adult
4,Young
1,Young
7,Adult
1,Baby
1,Young
3,Adult
8,Adult
4,Young
1,Young
5,Adult
2,Adult
1,Adult
2,Baby
1,Adult
2,Young
1,Adult
3,Young
4,Adult
1,Baby
13,Adult
1,Young
1,Baby
6,Adult
1,Senior
3,Adult
14,Young
3,Young
8,Adult
9,Baby
2,Baby
23,Young
13,Adult
11,Baby
3,Young
1,Young
1,Adult
1,Young
5,Young
2,Baby
1,Young
5,Senior
2,Baby
2,Senior
5,Young
1,Young
4,Adult
1,Young
1,Young
1,Young
2,Young
1,Adult
2,Adult
5,Baby
5,Baby
1,Young
2,Baby
1,Young
9,Baby
5,Baby
3,Young
2,Baby
1,Adult
4,Young
1,Adult
5,Adult
2,Baby
1,Adult
23,Adult
5,Baby
3,Young
2,Adult
1,Young
3,Young
3,Adult
4,Adult
5,Baby
5,Young
1,Young
7,Adult
1,Adult
4,Adult
2,Young
11,Baby
1,Senior
29,Baby
1,Adult
1,Adult
2,Adult
1,Adult
5,Baby
2,Adult
2,Baby
1,Baby
3,Baby
30,Baby
2,Baby
1,Young
2,Adult
2,Adult
3,Adult
6,Young
2,Adult
5,Baby
3,Baby
25,Baby
1,Young
3,Baby
1,Young
4,Baby
7,Adult
11,Young
3,Adult
1,Senior
1,Adult
1,Adult
2,Adult
4,Adult
1,Senior
2,Senior
3,Adult
1,Young
1,Baby
18,Baby
2,Adult
1,Baby
1,Adult
2,Adult
1,Adult
1,Young
1,Adult
6,Baby
3,Adult
4,Young
13,Baby
2,Adult
4,Adult
2,Young
5,Baby
4,Adult
9,Adult
6,Adult
11,Adult
1,Baby
23,Baby
3,Adult
3,Senior
2,Baby
2,Adult
10,Adult
1,Baby
1,Young
2,Adult
3,Adult
1,Young
1,Adult
2,Young
2,Baby
1,Adult
1,Adult
4,Baby
1,Baby
1,Young
6,Baby
1,Senior
2,Baby
6,Baby
11,Adult
1,Adult
3,Baby
1,Adult
2,Adult
2,Young
2,Adult
1,Adult
1,Baby
1,Young
1,Adult
11,Baby
8,Baby
3,Young
1,Adult
2,Young
6,Baby
2,Adult
1,Adult
1,Baby
8,Adult
2,Adult
3,Young
2,Baby
5,Adult
5,Baby
4,Adult
1,Adult
5,Adult
10,Baby
4,Adult
13,Baby
2,Baby
2,Baby
10,Adult
4,Baby
1,Young
2,Adult
1,Adult
2,Young
3,Adult
4,Baby
1,Adult
4,Adult
6,Baby
4,Adult
12,Adult
16,Baby
2,Senior
3,Adult
7,Baby
7,Adult
10,Adult
46,Baby
6,Young
1,Adult
1,Adult
1,Baby
4,Adult
4,Baby
10,Adult
18,Baby
8,Young
8,Adult
4,Adult
1,Adult
6,Adult
1,Young
6,Adult
3,Baby
3,Baby
1,Adult
9,Baby
4,Young
2,Young
1,Senior
2,Adult
1,Young
6,Adult
1,Young
1,Young
13,Young
5,Baby
1,Young
4,Adult
7,Young
1,Young
1,Adult
4,Young
4,Baby
6,Baby
8,Adult
3,Adult
1,Baby
1,Baby
2,Baby
2,Adult
4,Baby
1,Young
5,Young
10,Young
15,Young
12,Baby
1,Adult
16,Baby
1,Adult
2,Adult
1,Baby
5,Adult
2,Adult
3,Baby
3,Adult
2,Young
4,Baby
22,Baby
4,Young
3,Baby
4,Adult
5,Adult
12,Adult
2,Young
6,Young
2,Baby
12,Adult
1,Baby
9,Baby
23,Adult
2,Adult
1,Adult
1,Adult
20,Young
2,Adult
18,Adult
3,Adult
20,Adult
2,Baby
2,Adult
2,Baby
2,Senior
7,Young
1,Adult
2,Baby
2,Young
1,Baby
6,Baby
27,Young
1,Adult
4,Baby
1,Adult
1,Adult
2,Adult
4,Adult
8,Adult
7,Adult
1,Senior
1,Adult
1,Adult
3,Young
1,Young
6,Adult
2,Adult
1,Young
1,Adult
4,Baby
2,Adult
1,Adult
2,Young
1,Young
1,Adult
7,Baby
1,Young
3,Young
2,Adult
5,Adult
1,Senior
17,Adult
1,Adult
1,Young
1,Baby
11,Baby
1,Young
1,Baby
1,Adult
2,Young
2,Adult
1,Senior
1,Young
1,Young
3,Baby
1,Adult
2,Adult
8,Adult
2,Baby
2,Adult
1,Baby
1,Young
1,Young
8,Baby
1,Baby
2,Adult
2,Adult
1,Adult
1,Young
2,Adult
5,Baby
1,Baby
5,Senior
2,Adult
2,Adult
12,Adult
1,Adult
3,Adult
5,Adult
1,Adult
7,Adult
1,Senior
1,Young
3,Adult
1,Baby
1,Baby
1,Senior
3,Adult
2,Young
11,Young
1,Adult
9,Young
1,Baby
4,Baby
1,Adult
10,Adult
2,Young
3,Baby
5,Adult
3,Baby
7,Adult
10,Young
6,Adult
2,Adult
15,Adult
7,Adult
10,Adult
5,Adult
3,Senior
12,Young
1,Adult
1,Young
1,Young
2,Adult
8,Baby
25,Baby
1,Young
3,Young
2,Adult
7,Baby
1,Adult
5,Young
2,Adult
2,Adult
12,Young
8,Baby
1,Young
4,Baby
2,Baby
1,Young
4,Young
2,Baby
1,Adult
1,Adult
1,Adult
1,Adult
5,Young
3,Adult
2,Young
5,Young
1,Young
3,Baby
7,Adult
2,Baby
1,Young
2,Young
1,Adult
2,Young
1,Adult
2,Young
2,Young
5,Baby
4,Adult
1,Adult
2,Baby
12,Baby
2,Adult
1,Adult
1,Adult
4,Baby
2,Adult
1,Adult
1,Baby
1,Baby
1,Senior
3,Baby
2,Adult
3,Adult
6,Adult
1,Adult
1,Young
1,Baby
4,Baby
1,Baby
1,Young
18,Adult
1,Adult
1,Adult
15,Young
1,Baby
6,Adult
1,Adult
2,Young
5,Adult
12,Adult
3,Adult
1,Baby
3,Young
12,Young
3,Adult
1,Adult
3,Young
4,Adult
4,Adult
6,Adult
2,Adult
4,Baby
2,Young
1,Baby
2,Adult
16,Adult
4,Young
5,Adult
2,Adult
4,Baby
4,Adult
2,Adult
1,Adult
1,Young
4,Young
1,Adult
5,Adult
1,Baby
2,Adult
2,Adult
3,Young
4,Adult
1,Adult
1,Adult
1,Young
3,Adult
1,Adult
2,Adult
1,Baby
13,Adult
7,Baby
1,Young
2,Adult
7,Adult
1,Adult
1,Adult
1,Baby
1,Adult
1,Young
1,Adult
5,Baby
5,Young
1,Young
1,Baby
1,Baby
3,Young
1,Young
3,Adult
1,Adult
1,Young
1,Young
2,Baby
3,Adult
7,Adult
3,Adult
3,Adult
17,Adult
6,Adult
1,Baby
4,Adult
1,Baby
1,Young
5,Young
1,Young
6,Adult
1,Adult
7,Adult
1,Baby
2,Adult
3,Baby
5,Adult
3,Senior
2,Young
4,Baby
1,Adult
9,Young
12,Adult
1,Adult
1,Young
1,Young
1,Young
1,Baby
1,Baby
12,Young
3,Baby
1,Adult
5,Young
11,Adult
2,Baby
1,Adult
1,Young
1,Adult
1,Adult
1,Baby
130,Baby
3,Adult
2,Adult
4,Young
7,Young
14,Adult
6,Baby
1,Baby
1,Young
1,Adult
5,Adult
8,Adult
7,Adult
27,Adult
7,Young
4,Young
5,Young
2,Adult
11,Adult
1,Adult
8,Baby
1,Young
1,Young
3,Baby
3,Young
1,Adult
2,Adult
3,Young
7,Young
2,Adult
1,Young
1,Baby
1,Adult
5,Adult
1,Baby
1,Adult
2,Adult
1,Baby
1,Baby
3,Baby
6,Adult
13,Adult
2,Baby
1,Adult
5,Young
1,Senior
6,Adult
1,Adult
4,Young
5,Adult
1,Young
1,Adult
3,Baby
1,Baby
1,Senior
5,Baby
2,Senior
8,Adult
1,Adult
3,Baby
1,Baby
1,Adult
3,Baby
1,Baby
1,Adult
4,Young
1,Adult
1,Adult
2,Adult
2,Adult
3,Young
3,Adult
13,Adult
33,Baby
4,Baby
1,Adult
4,Young
2,Adult
2,Senior
1,Young
4,Baby
7,Baby
2,Senior
2,Adult
1,Adult
7,Baby
1,Young
6,Adult
3,Baby
1,Young
1,Adult
2,Baby
6,Adult
1,Baby
3,Senior
1,Young
1,Baby
6,Adult
3,Baby
6,Senior
1,Adult
1,Adult
3,Adult
4,Adult
7,Adult
1,Young
21,Young
2,Baby
3,Adult
1,Baby
1,Young
3,Baby
1,Baby
4,Adult
5,Baby
1,Adult
1,Adult
1,Baby
2,Adult
4,Young
4,Adult
3,Baby
5,Senior
6,Adult
28,Adult
2,Adult
1,Senior
9,Adult
1,Adult
4,Adult
6,Adult
2,Young
2,Adult
4,Baby
4,Baby
3,Senior
7,Adult
1,Adult
4,Young
1,Adult
2,Adult
6,Adult
1,Young
2,Adult
2,Adult
2,Adult
3,Baby
1,Adult
1,Young
4,Adult
1,Baby
2,Senior
4,Senior
1,Adult
1,Young
11,Adult
1,Adult
1,Young
1,Adult
8,Adult
1,Senior
1,Young
3,Baby
4,Adult
3,Young
8,Baby
1,Young
2,Adult
2,Young
7,Baby
4,Adult
6,Adult
1,Young
1,Young
7,Adult
2,Adult
1,Young
3,Adult
4,Adult
1,Senior
1,Adult
4,Baby
6,Adult
8,Baby
59,Young
8,Baby
2,Baby
4,Adult
3,Adult
2,Baby
5,Adult
1,Baby
5,Baby
1,Baby
4,Young
2,Senior
1,Young
7,Adult
3,Baby
1,Senior
1,Adult
1,Adult
1,Adult
3,Young
7,Adult
7,Adult
5,Senior
2,Baby
14,Adult
1,Baby
2,Adult
2,Baby
1,Young
1,Baby
1,Young
3,Baby
7,Baby
3,Baby
3,Adult
6,Adult
6,Baby
8,Baby
3,Adult
1,Young
7,Baby
1,Adult
5,Adult
4,Young
4,Baby
6,Young
22,Young
15,Adult
3,Young
10,Adult
5,Young
4,Adult
1,Young
2,Baby
2,Senior
1,Adult
6,Senior
4,Adult
9,Baby
2,Young
3,Adult
1,Young
1,Young
2,Adult
1,Adult
4,Young
4,Baby
32,Adult
43,Baby
9,Adult
3,Baby
7,Baby
13,Baby
3,Adult
2,Adult
1,Adult
1,Senior
12,Adult
1,Baby
1,Young
1,Young
2,Young
1,Young
2,Young
3,Adult
4,Baby
2,Baby
4,Baby
3,Young
1,Adult
1,Adult
9,Adult
6,Young
1,Young
1,Young
2,Young
8,Young
1,Young
2,Adult
1,Young
1,Adult
21,Baby
1,Baby
7,Baby
1,Adult
1,Adult
7,Baby
6,Baby
3,Young
3,Baby
3,Adult
2,Adult
1,Adult
1,Baby
9,Baby
3,Adult
4,Adult
1,Senior
3,Baby
2,Baby
7,Young
1,Adult
1,Young
7,Baby
3,Baby
4,Young
5,Baby
2,Baby
4,Baby
5,Adult
1,Baby
2,Baby
2,Senior
1,Young
1,Adult
1,Baby
6,Baby
6,Baby
2,Adult
1,Adult
5,Adult
1,Adult
1,Adult
2,Adult
1,Adult
1,Adult
2,Adult
3,Adult
2,Adult
1,Senior
5,Adult
7,Adult
7,Young
1,Adult
5,Young
7,Young
21,Young
3,Young
4,Young
2,Baby
16,Adult
2,Adult
3,Young
10,Young
3,Adult
2,Adult
1,Adult
5,Baby
7,Young
4,Baby
1,Baby
8,Baby
2,Adult
2,Adult
2,Senior
5,Baby
2,Adult
1,Adult
1,Adult
8,Baby
6,Baby
5,Adult
2,Baby
3,Baby
1,Young
3,Adult
4,Baby
1,Baby
2,Adult
3,Adult
1,Adult
7,Baby
2,Baby
2,Adult
1,Adult
10,Young
14,Adult
4,Adult
13,Baby
2,Adult
1,Baby
1,Adult
3,Adult
2,Adult
2,Baby
3,Young
1,Adult
2,Adult
1,Young
2,Adult
28,Young
1,Adult
2,Adult
1,Adult
3,Young
1,Young
2,Baby
1,Baby
1,Young
3,Adult
3,Adult
2,Young
4,Adult
1,Young
3,Baby
1,Adult
3,Adult
3,Baby
1,Adult
5,Senior
2,Adult
5,Baby
1,Young
4,Senior
1,Adult
1,Young
3,Young
1,Adult
2,Young
1,Adult
3,Young
3,Baby
3,Young
1,Young
12,Baby
1,Young
3,Young
22,Baby
1,Senior
1,Young
4,Adult
1,Young
21,Adult
2,Adult
2,Adult
1,Young
1,Adult
4,Adult
1,Baby
2,Adult
1,Baby
1,Baby
1,Adult
1,Young
2,Baby
1,Young
1,Baby
10,Adult
1,Adult
2,Adult
1,Baby
1,Adult
2,Baby
1,Adult
1,Baby
2,Adult
1,Young
2,Baby
1,Adult
3,Baby
3,Adult
1,Young
3,Adult
1,Young
1,Young
12,Young
13,Young
1,Young
4,Baby
1,Baby
9,Baby
1,Baby
16,Young
18,Adult
8,Adult
3,Young
3,Adult
1,Adult
6,Baby
2,Young
4,Adult
1,Adult
3,Adult
1,Baby
2,Adult
4,Baby
1,Adult
1,Senior
3,Adult
1,Adult
6,Young
22,Adult
10,Adult
18,Adult
1,Adult
1,Baby
4,Adult
5,Adult
1,Adult
1,Adult
1,Young
4,Young
19,Baby
2,Baby
5,Adult
2,Young
1,Baby
2,Baby
2,Baby
1,Senior
7,Adult
7,Adult
1,Young
4,Adult
1,Baby
6,Baby
1,Adult
7,Young
2,Baby
4,Young
3,Baby
1,Senior
2,Adult
1,Young
1,Adult
1,Baby
2,Adult
1,Young
1,Young
1,Young
3,Baby
1,Baby
3,Adult
1,Adult
5,Baby
3,Baby
1,Adult
14,Young
1,Baby
1,Baby
2,Baby
2,Adult
11,Baby
3,Young
4,Baby
1,Adult
1,Senior
1,Adult
4,Senior
7,Adult
3,Young
13,Adult
7,Adult
3,Young
2,Baby
2,Adult
2,Adult
3,Young
1,Baby
1,Senior
6,Senior
8,Adult
1,Adult
7,Adult
5,Adult
1,Senior
4,Young
1,Young
3,Adult
2,Adult
1,Young
5,Young
4,Adult
1,Young
2,Adult
8,Young
1,Senior
3,Adult
3,Young
1,Young
1,Young
22,Baby
1,Young
7,Baby
1,Adult
38,Baby
4,Baby
10,Adult
1,Young
3,Adult
3,Adult
1,Senior
1,Young
5,Young
1,Young
1,Adult
1,Adult
2,Baby
3,Adult
6,Adult
1,Baby
2,Adult
1,Young
1,Adult
1,Adult
2,Adult
3,Baby
2,Adult
1,Young
1,Senior
2,Adult
9,Adult
2,Baby
2,Baby
5,Baby
4,Adult
2,Adult
1,Baby
2,Adult
5,Baby
1,Adult
2,Adult
1,Baby
8,Baby
14,Adult
2,Adult
3,Adult
9,Adult
5,Adult
12,Adult
4,Baby
2,Young
2,Baby
3,Young
1,Baby
1,Young
1,Young
4,Adult
1,Baby
5,Baby
19,Adult
7,Young
15,Baby
1,Baby
5,Baby
1,Adult
1,Baby
1,Adult
1,Adult
2,Adult
6,Adult
6,Adult
5,Adult
2,Adult
13,Adult
2,Adult
1,Young
3,Adult
4,Baby
2,Young
10,Baby
6,Baby
1,Adult
10,Adult
2,Baby
2,Adult
3,Adult
3,Adult
1,Senior
13,Adult
8,Adult
9,Young
1,Adult
1,Young
10,Young
1,Senior
4,Baby
1,Adult
1,Adult
2,Senior
11,Young
5,Baby
1,Adult
3,Adult
12,Young
3,Young
6,Young
1,Adult
7,Young
7,Young
2,Adult
5,Baby
1,Baby
3,Baby
3,Young
30,Adult
1,Young
1,Young
1,Adult
13,Baby
3,Baby
2,Adult
2,Baby
4,Young
7,Young
8,Baby
1,Senior
7,Baby
6,Baby
5,Young
1,Adult
6,Adult
1,Adult
1,Adult
6,Adult
1,Young
1,Adult
1,Young
1,Adult
1,Baby
3,Senior
1,Adult
2,Adult
1,Adult
1,Adult
3,Adult
10,Baby
1,Senior
6,Adult
4,Adult
3,Young
1,Baby
1,Adult
1,Senior
4,Young
4,Baby
1,Senior
3,Adult
2,Baby
1,Adult
2,Adult
3,Baby
1,Young
1,Baby
1,Young
1,Adult
2,Adult
4,Baby
4,Senior
3,Adult
1,Young
6,Adult
2,Adult
5,Baby
2,Senior
2,Adult
1,Young
1,Adult
1,Baby
3,Young
1,Young
7,Adult
1,Young
5,Young
1,Adult
2,Adult
2,Baby
16,Baby
4,Adult
1,Young
4,Adult
1,Young
2,Adult
1,Baby
1,Young
1,Adult
11,Senior
2,Adult
1,Adult
17,Adult
1,Adult
3,Adult
1,Adult
14,Adult
5,Baby
1,Senior
3,Young
5,Adult
1,Adult
10,Baby
21,Adult
1,Young
2,Young
2,Adult
2,Baby
1,Adult
6,Young
7,Young
1,Adult
1,Adult
1,Adult
1,Adult
1,Adult
1,Senior
4,Adult
1,Adult
3,Young
1,Adult
18,Baby
8,Adult
4,Adult
3,Young
1,Young
7,Adult
1,Young
1,Baby
1,Adult
3,Adult
1,Adult
22,Adult
1,Adult
32,Baby
8,Adult
1,Adult
2,Adult
3,Adult
1,Senior
3,Young
1,Adult
1,Baby
1,Young
1,Young
2,Adult
2,Adult
1,Adult
2,Baby
3,Young
1,Young
1,Adult
1,Adult
2,Adult
2,Young
1,Senior
16,Adult
4,Young
1,Young
1,Young
1,Senior
12,Baby
2,Adult
7,Adult
1,Young
3,Baby
1,Young
2,Baby
13,Baby
3,Adult
10,Baby
7,Young
10,Adult
3,Baby
2,Adult
3,Baby
8,Adult
4,Baby
3,Young
2,Adult
14,Adult
2,Adult
7,Baby
4,Adult
1,Young
2,Senior
7,Young
1,Adult
4,Young
9,Baby
2,Adult
1,Adult
1,Senior
4,Baby
1,Baby
2,Baby
4,Baby
4,Baby
15,Baby
8,Adult
14,Young
1,Adult
5,Young
5,Young
14,Young
10,Adult
2,Adult
1,Baby
2,Senior
2,Senior
4,Young
5,Young
1,Adult
8,Baby
3,Young
1,Young
5,Baby
5,Adult
8,Baby
10,Baby
2,Adult
10,Baby
5,Adult
21,Adult
1,Young
12,Adult
5,Young
1,Adult
3,Young
10,Baby
13,Adult
5,Baby
4,Young
2,Adult
4,Young
2,Baby
6,Young
1,Baby
1,Adult
8,Adult
6,Adult
2,Baby
1,Young
3,Adult
1,Young
1,Adult
1,Baby
1,Baby
1,Adult
6,Adult
11,Baby
2,Baby
1,Adult
3,Adult
1,Adult
1,Adult
3,Young
9,Adult
5,Baby
4,Adult
8,Adult
1,Young
3,Baby
1,Young
1,Senior
2,Adult
6,Adult
3,Senior
2,Adult
11,Adult
9,Baby
4,Adult
23,Adult
3,Young
2,Young
1,Young
1,Senior
1,Adult
11,Adult
4,Baby
11,Adult
2,Young
5,Adult
5,Baby
4,Adult
3,Adult
41,Adult
2,Adult
2,Baby
2,Young
1,Young
4,Young
2,Young
1,Baby
2,Adult
3,Young
1,Young
5,Adult
4,Baby
1,Adult
22,Adult
1,Young
3,Baby
1,Adult
2,Adult
8,Young
8,Adult
2,Baby
2,Adult
6,Young
4,Adult
2,Young
1,Adult
5,Baby
1,Young
1,Young
1,Young
5,Adult
1,Adult
1,Young
4,Adult
1,Young
3,Baby
9,Baby
3,Adult
4,Adult
1,Young
7,Adult
4,Baby
7,Baby
2,Young
3,Young
11,Baby
1,Adult
1,Senior
1,Baby
4,Adult
5,Adult
6,Baby
2,Adult
2,Young
1,Adult
1,Adult
8,Adult
3,Adult
1,Senior
6,Young
1,Adult
8,Baby
6,Baby
1,Baby
2,Adult
2,Adult
1,Baby
4,Young
7,Young
1,Senior
3,Adult
1,Baby
2,Adult
5,Young
1,Baby
8,Young
2,Adult
2,Adult
5,Baby
1,Adult
1,Young
2,Adult
4,Senior
2,Adult
18,Baby
1,Young
2,Baby
1,Young
1,Young
21,Adult
1,Young
7,Young
3,Baby
1,Adult
9,Baby
2,Adult
2,Baby
12,Adult
1,Adult
1,Baby
3,Adult
5,Baby
4,Young
18,Adult
19,Baby
1,Adult
3,Adult
2,Young
1,Baby
2,Adult
10,Young
53,Young
1,Adult
15,Adult
1,Young
1,Baby
1,Adult
1,Baby
1,Adult
1,Baby
3,Adult
2,Young
6,Young
1,Young
1,Baby
13,Young
4,Young
2,Adult
265,Adult
4,Adult
5,Adult
4,Young
3,Baby
1,Young
4,Adult
2,Baby
3,Adult
5,Baby
1,Adult
5,Adult
3,Baby
2,Young
2,Adult
4,Young
10,Adult
2,Baby
4,Young
14,Young
5,Adult
2,Baby
2,Baby
2,Adult
22,Adult
5,Adult
2,Baby
41,Adult
4,Young
5,Young
2,Baby
9,Young
16,Young
49,Adult
4,Young
1,Adult
1,Adult
2,Adult
25,Adult
1,Young
2,Young
2,Young
7,Adult
1,Adult
7,Adult
2,Adult
1,Young
7,Adult
1,Young
1,Adult
1,Baby
11,Adult
31,Baby
27,Young
3,Young
1,Adult
1,Adult
2,Adult
4,Adult
1,Adult
1,Young
15,Adult
2,Adult
5,Young
1,Young
9,Adult
5,Adult
2,Adult
12,Adult
2,Adult
2,Adult
1,Senior
1,Adult
1,Adult
9,Adult
1,Young
4,Adult
3,Young
9,Adult
2,Adult
1,Baby
2,Adult
4,Adult
13,Adult
3,Young
1,Adult
1,Adult
1,Adult
5,Baby
16,Young
2,Senior
5,Young
3,Young
1,Young
3,Adult
1,Young
2,Adult
27,Adult
3,Baby
3,Adult
9,Adult
4,Adult
1,Baby
5,Adult
5,Adult
6,Young
49,Baby
9,Baby
11,Young
2,Baby
7,Adult
7,Baby
3,Senior
3,Adult
1,Adult
1,Adult
2,Senior
4,Adult
2,Adult
6,Young
1,Adult
1,Adult
2,Adult
1,Young
5,Young
11,Adult
1,Young
2,Adult
5,Adult
1,Adult
1,Adult
1,Senior
6,Adult
1,Adult
1,Adult
3,Young
2,Senior
1,Baby
3,Young
1,Adult
1,Adult
3,Senior
4,Young
2,Adult
1,Adult
2,Adult
1,Adult
2,Young
1,Baby
1,Young
2,Adult
11,Young
6,Baby
9,Adult
2,Adult
1,Baby
4,Adult
1,Adult
3,Adult
5,Baby
7,Senior
22,Adult
4,Adult
3,Adult
2,Adult
1,Senior
3,Adult
3,Young
1,Baby
2,Baby
5,Adult
6,Young
5,Adult
3,Adult
2,Adult
20,Young
1,Adult
5,Adult
2,Adult
2,Adult
8,Baby
1,Adult
1,Adult
11,Young
2,Adult
3,Adult
6,Adult
4,Adult
1,Young
6,Adult
1,Young
2,Adult
1,Adult
1,Adult
1,Young
3,Adult
1,Adult
1,Young
1,Senior
1,Adult
1,Adult
1,Senior
2,Senior
1,Adult
2,Adult
1,Young
4,Adult
2,Adult
6,Baby
9,Adult
2,Young
2,Adult
10,Adult
1,Adult
8,Adult
2,Adult
1,Adult
9,Adult
1,Young
2,Adult
6,Baby
1,Senior
1,Young
2,Baby
12,Young
2,Adult
2,Adult
2,Baby
7,Adult
1,Young
2,Adult
1,Adult
3,Adult
2,Adult
2,Baby
2,Adult
9,Young
1,Adult
3,Senior
6,Adult
1,Young
1,Adult
2,Adult
1,Baby
5,Young
2,Adult
1,Adult
1,Adult
12,Baby
1,Young
5,Young
1,Adult
1,Young
5,Adult
8,Baby
2,Adult
1,Young
3,Adult
2,Adult
2,Adult
1,Baby
5,Baby
4,Baby
1,Adult
22,Adult
8,Adult
14,Adult
6,Adult
1,Young
1,Adult
2,Young
1,Baby
11,Baby
